starname,exptime
Star1,167.06734319954296
Star2,248.6943949666252
Star3,1937.0846264013962
Star4,234.27660165740787
Star5,2505.2171813278037
Sun,633.0759615519663
